title,url,outlet,outlet_url,date,embed,cat
Trump may have skirted the law addressing his crypto investors using the presidential seal,https://www.aol.com/trump-may-skirted-law-addressing-055737493.html,AOL,https://www.aol.com/,5/24/25,FALSE,news
Trump meme coin dinner likely to include mostly non-Americans based on top $TRUMP holders,https://www.cnbc.com/amp/2025/05/18/trump-coin-dinner-to-include-mostly-non-americans-based-on-top-holders.html,CNBC,https://www.cnbc.com/,5/18/25,FALSE,news
‘America is not for sale:’ Protesters mob Trump golf course guests ahead of exclusive crypto dinner,https://www.independent.co.uk/news/world/americas/us-politics/trump-crypto-dinner-anonymous-protesters-b2756392.html,Independent,https://www.independent.co.uk/us,5/23/25,FALSE,news
Trump hosts top memecoin holders at private crypto dinner with secret guest list ,https://nypost.com/2025/05/22/us-news/trump-hosts-top-memecoin-holders-at-private-crypto-dinner-with-secret-guest-list/,New York Post,https://nypost.com/,5/22/25,FALSE,news
Trump invokes a new presidential rule: ‘Personal time’ — and the mocking begins immediately,https://www.nj.com/politics/2025/05/trump-invokes-a-new-presidential-rule-personal-time-and-the-mocking-begins-immediately.html,nj.com,https://www.nj.com/,5/22/25,FALSE,news
"At Trump's $148 million meme coin dinner, 'the food sucked' and security was lax, attendee says",https://www.cnbc.com/amp/2025/05/23/trump-meme-coin-dinner.html,CNBC,https://www.cnbc.com/,5/23/25,FALSE,news
Top $TRUMP holders head to crypto dinner with president that Democrats call 'orgy of corruption',https://www.cnbc.com/amp/2025/05/22/top-trump-holders-head-to-exclusive-crypto-dinner-with-president.html,CNBC,https://www.cnbc.com/,5/22/25,FALSE,news
"Trump’s 4,000 meme-coins-per-plate crypto dinner is an American embarrassment",https://careerofbusiness.com/trumps-4000-meme-coins-per-plate-crypto-dinner-is-an-american-embarrassment/,careerofbusiness.com,https://careerofbusiness.com/,5/22/25,FALSE,news
Trump’s Crypto Grift Is the Latest Corruption Mike Johnson Says He’s Too ‘Busy’ to Care About,https://www.rollingstone.com/politics/politics-news/mike-johnson-trump-crypto-dinner-1235347935/,Rolling Stone,https://www.rollingstone.com/,5/24/25,FALSE,news
‘Roadmap for corruption’: Trump dive into cryptocurrency raises ethics alarm,https://www.theguardian.com/us-news/2025/may/25/trump-crypto-corruption-ethics,The Guardian,https://www.theguardian.com/us,5/25/25,FALSE,news
Auction to Dine With Trump Creates Foreign Influence Opportunity,https://www.nytimes.com/2025/05/12/us/politics/trump-crypto-coin-auction.html,The New York Times,https://www.nytimes.com/,5/12/25,FALSE,news
"As competition to be a top $TRUMP holder ends, the meme coin launches loyalty program, reward points",https://sherwood.news/crypto/as-competition-to-be-a-top-usdtrump-holder-ends-the-meme-coin-launches/,Sherwood News,https://sherwood.news/,5/13/25,FALSE,news
Foreign $TRUMP holders top list eligible for “exclusive VIP reception” with Trump,https://sherwood.news/crypto/foreign-usdtrump-holders-top-list-eligible-for-exclusive-vip-reception-with/,Sherwood News,https://sherwood.news/,5/7/25,FALSE,news
Trump memecoin dinner attendees could include foreign nationals — Report,https://cointelegraph.com/news/donald-trump-memecoin-dinner-foreign,Coin Telegraph,https://cointelegraph.com/,5/7/25,FALSE,news
AI Data Centers Boom is Draining Water From Drought-Prone Areas – Sustainability Tipping Point?,https://www.techrepublic.com/article/news-ai-data-centers-drought/,Tech Republic,https://www.techrepublic.com/,5/9/25,FALSE,news
Analysis: Big Tech is building thirsty AI data centers in highly “water stressed” areas,https://sherwood.news/tech/analysis-big-tech-is-building-thirsty-ai-data-centers-in-highly-water/,Sherwood News,https://sherwood.news/,5/8/25,FALSE,news
"Slotkin co-sponsors bill targeting Trump’s crypto coin, cites risks of foreign influence",https://michiganadvance.com/2025/05/09/slotkin-co-sponsors-bill-targeting-trumps-crypto-coin-cites-risks-of-foreign-influence/,Michigan Advance,https://michiganadvance.com/,5/9/25,FALSE,news
Trump meme coins raise money. They also buy access.,https://www.csmonitor.com/USA/Politics/2025/0510/trump-meme-coin-crypto-ethics,The Christian Science Monitor,https://www.csmonitor.com/,5/12/25,FALSE,news
Trump Coin Eyes 10% Gains Following $14.8M Spike in Foreign Purchases,https://coinchapter.com/trump-coin-eyes-10-gains-following-14-8m-spike-in-foreign-purchases/,Coin Chapter,https://coinchapter.com/,5/8/25,FALSE,news
Trump memecoin: possible foreign investors and political implications,https://en.cryptonomist.ch/2025/05/08/trump-memecoin-possible-foreign-investors-and-political-implications/,The Cryptonomist,https://en.cryptonomist.ch/,5/8/25,FALSE,news
"With crypto, Democrats finally put up a fight",https://www.washingtonpost.com/opinions/2025/05/09/crypto-senate-democrats-trump/,The Washington Post,https://www.washingtonpost.com/,5/9/25,FALSE,news
Foreign Access Raises Flags Over Trump Memecoin Dinner Eligibility,https://coinchapter.com/foreign-access-raises-flags-over-trump-memecoin-dinner-eligibility/,Coin Chapter,https://coinchapter.com/,5/7/25,FALSE,news
"Bloomberg: TRUMP coin is dominated by foreign buyers, and dinner promotions have raised regulatory questions",https://www.panewslab.com/en/articledetails/pcs6174v.html,PANews,https://www.panewslab.com/en/index.html,5/8/25,FALSE,news
The Trump Family Crypto Business,https://www.wsj.com/opinion/the-trump-family-crypto-business-meme-coin-conflict-interest-buying-7e841401,The Wall Street Journal,https://www.wsj.com/,5/11/25,FALSE,news
Trump Memecoin May 22 Dinner to Include Foreign Nationals,https://www.cryptotimes.io/2025/05/08/trump-memecoin-may-22-dinner-to-include-foreign-nationals/,The Crypto Times,https://www.cryptotimes.io/,5/8/25,FALSE,news
"AI’s Data Growth Drains Water Supplies, as 70% More Centers Emerge",https://www.digitalinformationworld.com/2025/05/ais-data-growth-drains-water-supplies.html#google_vignette,Digital Information World,https://www.digitalinformationworld.com/,5/9/25,FALSE,news
Top buyers of Trump-sponsored crypto win exclusive dinner with president,https://www.theguardian.com/us-news/2025/may/12/top-buyers-trump-cryptocurrency-dinner?CMP=Share_AndroidApp_Other,The Guardian,https://www.theguardian.com/europe,5/13/25,FALSE,news
Here’s Who Is Going to Donald Trump’s Meme Coin Dinner,https://nymag.com/intelligencer/article/donald-trump-meme-coin-dinner-guests.html,New York Magazine,https://nymag.com/,5/13/25,FALSE,news
AI data center growth deepens water security concerns in high-stress states - report,https://www.datacenterdynamics.com/en/news/ai-data-center-growth-deepens-water-security-concerns-in-high-stress-states-report/,Data Center Dynamics,https://www.datacenterdynamics.com/en/,5/12/25,FALSE,news
The Corruption of US Foreign Policy,https://www.youtube.com/watch?v=mR_q9llV-70&ab_channel=SenatorChrisMurphy,US Senate,,5/13/25,"<iframe width=""100%"" height=""200"" src=""https://www.youtube.com/embed/mR_q9llV-70?si=f0w6dlsKlk0jLAjc&amp;start=797"" title=""YouTube video player"" frameborder=""0"" allow=""accelerometer; autoplay; clipboard-write; encrypted-media; gyroscope; picture-in-picture; web-share"" referrerpolicy=""strict-origin-when-cross-origin"" allowfullscreen></iframe>",Government
Chris Murphy Slams Trump Over Corruption & Foreign Gifts,https://www.youtube.com/watch?v=ecDL40qu2zg&ab_channel=PodSaveAmerica,Pod Save America,https://www.youtube.com/@podsaveamerica,5/13/25,"<iframe width=""100%"" height=""200"" src=""https://www.youtube.com/embed/ecDL40qu2zg?si=LpjRQ6PXdEEwjTcr&amp;start=321"" title=""YouTube video player"" frameborder=""0"" allow=""accelerometer; autoplay; clipboard-write; encrypted-media; gyroscope; picture-in-picture; web-share"" referrerpolicy=""strict-origin-when-cross-origin"" allowfullscreen></iframe>",
Foreigners Are Funneling Millions Into Trump’s Shady Meme Coin,https://newrepublic.com/post/194973/trump-meme-coin-foreign-buyers-corruption,The New Republic,https://newrepublic.com/,5/7/25,FALSE,news
Foreign Interests Appear to Be Pouring Millions Into Trump’s Meme Coin,https://www.rollingstone.com/politics/politics-news/trump-meme-coin-top-bu-1235333516/,Rolling Stone,https://www.rollingstone.com/,5/7/25,FALSE,news
AI data centers reportedly cause power problems in residential areas — decreased power quality in homes near data centers causes reduced lifespan for electrical appliances,https://www.msn.com/en-gb/money/technology/ai-data-centers-reportedly-cause-power-problems-in-residential-areas-decreased-power-quality-in-homes-near-data-centers-causes-reduced-lifespan-for-electrical-appliances/ar-AA1wCYWJ?ocid=bingnewssearch,MSN,https://www.msn.com/,12/1/24,FALSE,news
"AI data centers are making your electricity supply worse and could damage your home, new study says",https://www.businessinsider.com/ai-data-centers-electricity-supply-risk-2024-12,Business Insider,https://www.businessinsider.com/,12/1/24,FALSE,news
AI data centers could be ‘distorting’ the US power grid,https://techcrunch.com/2024/12/29/ai-data-centers-could-be-distorting-the-us-power-grid/,Techcrunch,https://techcrunch.com/,12/1/24,FALSE,news
My Favorite Tools: Sigma Award-Winning Data Journalist Leonardo Nicoletti,https://gijn.org/stories/my-favorite-tools-leonardo-nicoletti/,Global Investigative Journalism Network (GIJN),https://gijn.org/,10/1/24,FALSE,other
Getting Started with AI-Enhanced Teaching: A Practical Guide for Instructors,https://mitsloanedtech.mit.edu/ai/teach/getting-started/,Massachussetts Institute of Technology (MIT),https://mitsloanedtech.mit.edu/,12/1/24,FALSE,Education
What is AI Bias,https://www.ibm.com/topics/ai-bias,IBM,https://www.ibm.com/us-en,12/1/24,FALSE,Business
Co-Intelligence: Living and Working with AI,https://books.google.com/books?id=J2HgEAAAQBAJ&q=bloomberg#v=snippet&q=bloomberg&f=false,Penguin Publishing Group,https://www.penguin.com/penguin-publishing-group-overview/,4/1/24,FALSE,Business
Responsible Generative AI,https://online.umich.edu/series/responsible-generative-ai/,University of Michigan,https://online.umich.edu/,5/1/24,FALSE,Education
AI for Good Global Summit,https://www.youtube.com/live/oNP6W8bl0XI?t=35504s,AI for Good,https://aiforgood.itu.int/,5/1/24,"<iframe width=""100%"" height=""200"" src=""https://www.youtube.com/embed/oNP6W8bl0XI?si=ZjLobSb6O00qjlxe"" title=""YouTube video player"" frameborder=""0"" allow=""accelerometer; autoplay; clipboard-write; encrypted-media; gyroscope; picture-in-picture; web-share"" referrerpolicy=""strict-origin-when-cross-origin"" allowfullscreen></iframe>",Business
"SILICON SHADOWS: VENTURE CAPITAL, HUMAN RIGHTS, AND THE LACK OF DUE DILIGENCE",https://www.amnestyusa.org/wp-content/uploads/2023/12/Amnesty-VCGenAi-Report-V5.pdf,Amnesty International,https://www.amnestyusa.org/,8/1/23,FALSE,NGO
Generative Artificial Intelligence in Finance: Risk Considerations,https://www.imf.org/-/media/Files/Publications/FTN063/2023/English/FTNEA2023006.ashx,International Monetary Fund (IMG),https://www.imf.org/en/Home,8/1/23,FALSE,Inter-governmental
Taxonomy of Human Rights Risks Connected to Generative AI,https://www.ohchr.org/sites/default/files/documents/issues/business/b-tech/taxonomy-GenAI-Human-Rights-Harms.pdf,United Nations Human Rights (UNHR),https://www.ohchr.org/en/ohchr_homepage,11/1/23,FALSE,Inter-governmental
Future Risks ofFrontier AI,https://assets.publishing.service.gov.uk/media/653bc393d10f3500139a6ac5/future-risks-of-frontier-ai-annex-a.pdf,United Kingdom Government Office for Science,https://www.gov.uk/government/publications/frontier-ai-capabilities-and-risks-discussion-paper,10/1/23,FALSE,Government
What Should City of Boston Mayor Wu Do About Generative AI?,https://papers.ssrn.com/sol3/papers.cfm?abstract_id=4576667,SSRN,https://www.ssrn.com/index.cfm/en/,10/1/23,FALSE,research
How AI can help analyze women's representation in the news,https://ijnet.org/en/story/how-ai-can-help-analyze-womens-representation-news,International Journalists' Network,https://ijnet.org/en,11/1/22,FALSE,other
Coolest New Data Graphics to Not Miss Out On - DataViz Weekly,https://www.anychart.com/blog/2022/11/04/coolest-new-data-graphics/,AnyChart,https://www.anychart.com/,11/1/22,FALSE,design
"Data Journalism Top 10: Police Shootings, COVID Billionaires, Climate Budget Tetris, Halloween Blizzard",https://gijn.org/2022/10/28/data-journalism-top-10-police-shootings-covid-billionaires-climate-budget-tetris/,Global Investigative Journalism Network (GIJN),https://gijn.org/,11/1/22,FALSE,news
CITYACCESSMAP: Affrontare le Disugualianze Urbane con Dati Open Source,https://makerfairerome.eu/it/cityaccessmap-affrontare-le-disuguaglianze-con-dati-open-source/,Maker Faire Rome,https://makerfairerome.eu/it/,11/1/22,FALSE,news
ÀCuanto tiempo se hace caminando a una escuela o a un hospital en Puebla?,https://www.eluniversalpuebla.com.mx/estado/cuanto-tiempo-se-hace-caminando-una-escuela-o-un-hospital-en-puebla,El Universal Puebla,https://www.eluniversalpuebla.com.mx/,11/1/22,FALSE,news
Cordoba se sitœa muy por debajo de la media de ciudades con servicios a menos de 15 minutos a pie,https://www.cordobahoy.es/articulo/la-ciudad/cordoba-muy-debajo-media-ciudades-servicios-menos-15-minutos-pie/20221101201302125841.html,Cordobahoy,https://www.cordobahoy.es/,11/1/22,FALSE,news
Urban social disparities are being addressed by a new city access map,https://www.icavcluster.com/blog/2022/10/25/urban-social-disparities-are-being-addressed-by-a-new-city-access-map/,International Connected Autonomous Vehicle Cluster (ICAV),https://www.icavcluster.com/,10/1/22,FALSE,news
Map: Detroit Service Accessibility,https://detroitography.com/2022/10/24/map-detroit-service-accessibility/,DetroitGraphy,https://detroitography.com/,10/1/22,FALSE,news
Find and explore 15-minute cities,https://precaliga.com/find-and-explore-15-minute-cities/,Precaliga,https://precaliga.com/,10/1/22,FALSE,policy (institution)
Living Cities: Urban trees Ñ Safer streets for kids Ñ LondonÕs green jobs push,https://www.politico.eu/newsletter/global-policy-lab/living-cities-urban-trees-safer-streets-for-kids-londons-green-jobs-push/,POLITICO,https://www.politico.eu/,10/1/22,FALSE,policy (institution)
Building Smart Tools for Sustainable Cities: UNITAC Hamburg Projects,https://www.youtube.com/watch?v=4r3c9eGrw44,United Nations Innovation Technology Accelerator for Cities (UNITAC),https://unitac.un.org/,10/1/22,FALSE,policy (institution)
Interactive map shows inequality of facilities in Dutch cities,https://stadszaken.nl/artikel/4649/interactieve-kaart-toont-ongelijkheid-voorzieningen-in-nederlandse-steden,Stadzaken,https://stadszaken.nl/,10/1/22,FALSE,policy (institution)
Online map shows density of urban facilities,https://background.tagesspiegel.de/smart-city/online-karte-zeigt-dichte-staedtischer-einrichtungen,Tagesspiegel Background,https://background.tagesspiegel.de/,10/1/22,FALSE,policy (institution)
A new city access map aims to solve social differences in urban areas,https://innovationorigins.com/en/selected/a-new-city-access-map-aims-to-solve-social-differences-in-urban-areas/,Innovation Origins,https://innovationorigins.com/en/,10/1/22,FALSE,policy (institution)
CityAccessMap: Addressing urban inequalities with open-source data,https://www.tudelft.nl/en/2022/tu-delft/cityaccessmap-addressing-urban-inequalities-with-open-source-data,Delft University of Technology,https://www.tudelft.nl/en/,10/1/22,FALSE,policy (institution)
Bloomberg hires two data visualization reporters,https://talkingbiznews.com/business-media-news/bloomberg-hires-two-data-visualization-reporters/,Talking Biz News,https://talkingbiznews.com/,8/1/22,FALSE,policy (institution)
There is more to women than their ability to make more humans,https://calgaryherald.com/opinion/columnists/ford-news-flash-there-is-more-to-women-than-their-ability-to-make-more-humans,The Calgary Herald,https://calgaryherald.com/,5/1/22,FALSE,policy (institution)
The Moksha Roundup,https://mokshadata.studio/roundup/11/,Moksha Data Studio,https://mokshadata.studio/#home,4/1/22,FALSE,policy (institution)
The need to represent: How AI can help counter gender disparity in the news,https://blogs.lse.ac.uk/polis/2022/03/16/the-need-to-represent-how-ai-can-help-counter-gender-disparity-in-the-news/,London School of Economics (LSE),https://blogs.lse.ac.uk/polis/,3/1/22,FALSE,policy (institution)
How to Use Data and AI to Analyse Women's Representation in the News,https://www.youtube.com/watch?v=5QZugZbLoII&ab_channel=PolisLSE,PolisLSE,https://blogs.lse.ac.uk/polis/,3/1/22,FALSE,policy (institution)
Data Visualization Weekly,https://www.anychart.com/blog/2022/02/18/great-new-visual-data-stories/,AnyChart,https://www.anychart.com/,2/1/22,FALSE,policy (institution)
"Data Journalism Top 10: Misrepresenting Women, Bubble Tea, and IndiaÕs Nightingale",https://gijn.org/2022/02/11/data-journalism-top-10-women-making-headlines-vaccine-gaps-india-singer-history/,Global Investigative Journalism Network (GIJN),https://gijn.org/,2/1/22,FALSE,policy (institution)
Gen.T: Data Science and Urban Development With Leonardo Nicoletti #21,https://gent.firstory.io/episodes/ckunrzkseft5r08385d6o0rja,Gen.T: A Spotlight For Bright Young People,https://gent.firstory.io/,10/1/21,FALSE,policy (public)
How to bring about affordable housing and the inclusive city?,https://us2.campaign-archive.com/?id=3af0a4f38d&u=6df3797d47b4462d9bec9ca11,International Federation for Housing and Planning (IFHP),https://www.ifhp.org/,8/1/20,FALSE,policy (public)
Cities like Vancouver need to do more to protect their trees,https://www.theglobeandmail.com/canada/british-columbia/article-cities-like-vancouver-need-to-do-more-to-protect-their-trees/,The Globe and Mail,https://www.theglobeandmail.com/,10/1/19,FALSE,policy (public)
"High-density neighbourhoods leave room for trees, says Metro Vancouver",https://www.cbc.ca/news/canada/british-columbia/tree-canopy-metro-vancouver-dense-neighbourhoods-have-more-trees-1.5291636,Canadian Broadcasting Corporation (CBC),https://www.cbc.ca/,9/1/19,FALSE,policy (public)
"Paving paradise: Low-density housing linked to tree loss, rise in impervious surfaces in Metro Vancouver",https://www.straight.com/news/1303071/paving-paradise-low-density-housing-linked-tree-loss-rise-impervious-surfaces-metro,The Georgia Straight,https://www.straight.com/,9/1/19,FALSE,policy (public)
Top Websites for Urban Planning - 2022,https://www.planetizen.com/features/120158-top-websites-urban-planning-2022?amp,Planetizen,https://www.planetizen.com/,12/1/22,FALSE,policy (public)
ÀEs Pamplona una ciudad de 15 minutos?,https://amp.diariodenavarra.es/noticias/navarra/pamplona-comarca/2022/12/04/pamplona-ciudad-15-minutos-545430-1002.html,,https://www.diariodenavarra.es/,12/1/22,FALSE,policy (public)
EditorÕs Pick: Top 10 Data Journalism Projects from 2022,https://gijn.org/2022/12/09/editors-pick-top-10-data-journalism-projects-from-2022/,Global Investigative Journalism Network (GIJN),https://gijn.org/,12/1/22,FALSE,policy (public)
How Fentanyl Brought on the Opioid Crisis's Deadliest Phase,https://www.youtube.com/watch?v=u3F928a9jdE,Bloomberg Quicktake,https://www.bloomberg.com/Quicktake,12/2/22,"<iframe width=""100%"" height=""200"" src=""https://www.youtube.com/embed/u3F928a9jdE"" title=""YouTube video player"" frameborder=""0"" allow=""accelerometer; autoplay; clipboard-write; encrypted-media; gyroscope; picture-in-picture; web-share"" allowfullscreen></iframe>",policy (public)
The best data journalism stories of 2022,https://datajournalism.com/read/blog/best-data-journalism-projects-2022,DataJournalism.com,https://datajournalism.com/,12/1/22,FALSE,policy (public)
Fentanyl Deaths Are Overwhelming Cities,https://omny.fm/shows/the-big-take/fentanyl-deaths-are-overwhelming-cities,The Big Take,https://www.bloomberg.com/bigtake,12/1/22,"<iframe src=""https://omny.fm/shows/the-big-take/fentanyl-deaths-are-overwhelming-cities/embed?style=Cover"" width=""100%"" height=""200"" allow=""autoplay; clipboard-write"" frameborder=""0"" title=""Fentanyl Deaths Are Overwhelming Cities""></iframe>",policy (public)
"Data Vis Dispatch, March 7",https://blog.datawrapper.de/data-vis-dispatch-march-7-2023/,Datawrapper,https://www.datawrapper.de/,3/1/23,FALSE,policy (public)
Elon MuskÕs Private Jet Flew Enough in 2022 to Circle the Globe a Dozen Times,https://robbreport.com/motors/aviation/elon-musk-private-plane-1234813933/,Robb Report,https://robbreport.com/,3/1/23,FALSE,policy (public)
Calling Out the Racial and Gender Bias in Generative AI,https://www.bloomberg.com/news/videos/2023-06-09/calling-out-the-racial-and-gender-bias-in-generative-ai-video,Bloomberg TV,https://www.bloomberg.com/live/us,6/1/23,"<iframe src=""https://www.bloomberg.com/media-manifest/embed/iframe?id=36b0b571-5497-4ebd-9fb9-849ab7ec8e1e"" allowscriptaccess=""always"" frameborder=""0"" width=""100%"" height=""200""></iframe>",policy (public)
"How AI Is Amplifying Extreme Racial, Gender Stereotypes",https://www.bloomberg.com/news/videos/2023-06-09/how-ai-is-amplifying-extreme-racial-gender-stereotypes-video,Bloomberg TV,https://www.bloomberg.com/live/us,6/1/23,"<iframe src=""https://www.bloomberg.com/media-manifest/embed/iframe?id=16796f79-bf76-42cd-b924-092159d74f9a"" allowscriptaccess=""always"" frameborder=""0"" width=""100%"" height=""200""></iframe>",policy (public)
Generative AI exaggerates stereotypes,https://flowingdata.com/2023/06/12/generative-ai-exaggerates-stereotypes/,FLOWINGDATA,https://flowingdata.com/,6/1/23,FALSE,policy (public)
"Generative AI tool Stable Diffusion amplifies race, gender stereotypes",https://nypost.com/2023/06/09/ai-tool-stable-diffusion-amplifies-race-and-gender-stereotypes/,New York Post,https://nypost.com/,6/1/23,FALSE,policy (public)
Calling Out the Racial and Gender Bias in Generative AI,https://theglobalherald.com/technology/calling-out-the-racial-and-gender-bias-in-generative-ai/,The Global Herald,https://theglobalherald.com/,6/1/23,FALSE,policy (public)
Yet Another AI Blind Spot: Biased Images,https://omny.fm/shows/the-big-take/yet-another-ai-blind-spot-biased-images,The Big Take,https://www.bloomberg.com/bigtake,6/1/23,"<iframe src=""https://omny.fm/shows/the-big-take/yet-another-ai-blind-spot-biased-images/embed"" width=""100%"" height=""200"" allow=""autoplay; clipboard-write"" frameborder=""0"" title=""Yet Another AI Blind Spot: Biased Images""></iframe>",research
Stable Diffusion has a big bias problem.,https://www.theverge.com/2023/6/9/23755289/stable-diffusion-has-a-big-bias-problem,The Verge,https://www.theverge.com/,6/1/23,FALSE,research
AI Has Some Serious Racial Profiling Issues,https://www.bloomberg.com/news/videos/2023-06-13/ai-has-some-serious-racial-profiling-issues?srnd=all,Bloomberg Quicktake,https://www.bloomberg.com/Quicktake,6/1/23,"<iframe src=""https://www.bloomberg.com/media-manifest/embed/iframe?id=e7ae3186-8d29-4057-abb5-e7bc0c7ccbba"" allowscriptaccess=""always"" frameborder=""0"" width=""100%"" height=""200""></iframe>",research
"Data Journalism Top 10: AI Bias, Targeted Ad Labeling, Remote Work Trends, and KoreaÕs Space Industry",https://gijn.org/2023/06/16/data-journalism-top-10-ai-bias-targeted-ad-labels-remote-work-trends/,Global Investigative Journalism Network (GIJN),https://gijn.org/,6/1/23,FALSE,research
Is AI more biased than humans?,https://www.marketplace.org/shows/marketplace-tech/is-ai-more-biased-than-humans/,Marketplace Tech,https://www.marketplace.org/shows/marketplace-tech/,6/1/23,"<iframe id=""mp_775605"" title=""Marketplace Embed"" src=""https://www.marketplace.org/shows/marketplace-tech/is-ai-more-biased-than-humans/popout"" frameborder=""0"" width=""100%"" height=""200""></iframe>",research
Sustainable Development Report 2023,https://dashboards.sdgindex.org/,United Nations Sustainable Development Network,https://www.sdgindex.org/,6/1/23,FALSE,research
Bloomberg exposes racial and gender bias in AI model,https://rowsandcolumns.substack.com/p/bloomberg-exposes-racial-and-gender,Rows & Columns,https://rowsandcolumns.substack.com/,6/1/23,FALSE,research
"Black Artists Say A.I. Shows Bias, With Algorithms Erasing Their History",https://www.nytimes.com/2023/07/04/arts/design/black-artists-bias-ai.html,The New York Times,https://www.nytimes.com/,7/1/23,FALSE,research
"Decoding the Discussion: In the Senate AI Hearing, Uncertainty Speaks Louder than Consensus",https://lastweekin.ai/p/senate-ai-hearing,Skynet Today,https://www.skynettoday.com/,6/1/23,FALSE,research
A Gender Perspective on AI Risks to National Security,https://oursecurefuture.org/sites/default/files/2024-03/OSF-GenderPerspectiveOnAIRisks.pdf,Our Secure Future,https://oursecurefuture.org/,3/1/24,FALSE,research
Rendering misrepresentation: Diversity failures in AI image generation,https://www.brookings.edu/articles/rendering-misrepresentation-diversity-failures-in-ai-image-generation/,The Brookings Institution,https://www.brookings.edu/,2/1/24,FALSE,research
Racial bias in OpenAI GPT resume rankings,https://flowingdata.com/2024/03/13/racial-bias-in-openai-gpt-resume-rankings/,FLOWINGDATA,https://flowingdata.com/,3/1/24,FALSE,research
Best Data Visualization Projects of 2023,https://flowingdata.com/2023/12/29/best-of-2023/,FLOWINGDATA,https://flowingdata.com/,12/1/23,FALSE,research
Helping students understand the biases in generative AI,https://cte.ku.edu/addressing-bias-ai,The University of Kansas,https://ku.edu/,2/1/24,FALSE,research
Data Journalism Top 10,https://gijn.org/stories/ddj-generative-ai-hiring-bias-womens-national-politics/,Global Investigative Journalism Network (GIJN),https://gijn.org/,3/1/24,FALSE,news
4 ways AI is contributing to bias in the workplace,https://www.zdnet.com/article/4-ways-ai-is-contributing-to-bias-in-the-workplace/,ZDNET,https://www.zdnet.com/,3/1/24,FALSE,news
Ethics and Costs of Generative AI,https://libguides.amherst.edu/c.php?g=1350530&p=9969379,Amherst College Library ,https://www.amherst.edu/library/,4/1/24,FALSE,news
Exploring the Impact of AI on Black Americans,https://hai.stanford.edu/sites/default/files/2024-02/Exploring-Impact-AI-Black-Americans.pdf,Stanford University Human Centered Artificial Intelligence (HAI),https://hai.stanford.edu/,2/1/24,FALSE,news
"The Crunch: cherry tree blooms, the cost of booze and AI bias",https://www.theguardian.com/news/2024/mar/21/the-crunch-cherry-trees-booze-and-ai-bias,The Guardian,https://www.theguardian.com/us,3/1/24,FALSE,news
Tackling AI Hyping,https://link.springer.com/article/10.1007/s43681-024-00481-y,AI and Ethics,https://link.springer.com/journal/43681,4/1/24,FALSE,news
Advancing a More Global Agenda for Trustworthy Artificial Intelligence,https://carnegieendowment.org/research/2024/04/advancing-a-more-global-agenda-for-trustworthy-artificial-intelligence?lang=en,Carnegie Endowment for International Peace,,4/1/24,FALSE,news
Artificial Intelligence Risk Management Framework: Generative Artificial Intelligence Profile,https://nvlpubs.nist.gov/nistpubs/ai/NIST.AI.600-1.pdf,National Institute of Standards in Technology (NIST),https://www.nist.gov/,7/1/24,FALSE,news
"Unfair Competition in the Creative Industries: The Impact of AI
Scraping",https://ir.law.utk.edu/cgi/viewcontent.cgi?article=1169&context=tjlp,Tenessee Journal of Law and Policy,https://ir.law.utk.edu/tjlp/,5/1/24,FALSE,policy (institution)
Comment to National Institute of Standards in Technology (NIST),https://downloads.regulations.gov/NIST-2023-0009-0165/attachment_1.pdf,The Center for AI and Digital Policy (CAIDP),https://www.caidp.org/,2/1/24,FALSE,policy (institution)
Generative AI and K-12 Education: An MIT Perspective,https://mit-genai.pubpub.org/pub/4k9msp17/release/1,Massachussetts Institute of Technology (MIT),https://mit-genai.pubpub.org/,3/1/24,FALSE,policy (institution)
Generating Harms,https://epic.org/wp-content/uploads/2024/05/EPIC-Generative-AI-II-Report-May2024-1.pdf,Electronic Privacy Information Center,https://epic.org/,3/1/24,FALSE,policy (institution)
The harms of terminology: why we should reject so-called “frontier AI”,https://link.springer.com/article/10.1007/s43681-024-00438-1,AI and Ethics,https://link.springer.com/journal/43681,3/1/24,FALSE,policy (institution)
Tips for the use of generative AI in research and education,https://www.epfl.ch/about/vice-presidencies/vice-presidency-for-academic-affairs-vpa/tips-for-the-use-of-generative-ai-in-research-and-education/,EPFL,https://www.epfl.ch/en/,6/1/24,FALSE,policy (institution)
The Legal Imitation Game: Generative AI’s Incompatibility with Clinical Legal Education,https://ir.lawnet.fordham.edu/flr/vol92/iss5/6/,Foldham Law Review,https://ir.lawnet.fordham.edu/flr/,4/1/24,FALSE,policy (institution)
Understanding Generative Artificial Intelligence's Implications on Gender Using a Value Chain Approach and a UNGP lens,https://www.undp.org/sites/g/files/zskgke326/files/2024-06/understanding_the_implications_of_genai_on_gender_undp_aapti.pdf,United Nations Development Programme (UNDP),https://www.undp.org/,6/1/24,FALSE,policy (institution)
Policy on Responsible Use of Artificial Intelligence,https://my.sonoran.edu/ICS/icsfs/AI_-_Policy_on_Responsible_Use_of_AI_approved_1-24.pdf?target=4dddeef3-651f-45d9-831a-3e66c6083f90,Sonoran University of Health Sciences,https://www.sonoran.edu/,1/1/24,FALSE,policy (institution)
"ACLU California Action Comment on Executive Order N-12-23 regarding Generative Artificial Intelligence, Part 3(b)",https://www.aclunc.org/sites/default/files/ACLU%20Comment%20on%20GenAI%20Executive%20Order.pdf,American Civil Liberties Union (ACLU),https://www.aclu.org/,5/1/24,FALSE,policy (institution)
What are the key weaknesses of Generative AI?,https://morethandigital.info/en/what-are-the-key-weaknesses-of-generative-ai/,More Than Digital,https://morethandigital.info/en/,6/1/24,FALSE,policy (institution)
Placing Gender Equality at the Heart of the Global Digital Compact,https://www.unwomen.org/sites/default/files/2024-03/placing-gender-equality-at-the-heart-of-the-global-digital-compact-en.pdf,UN Women,https://www.unwomen.org/en,3/1/24,FALSE,policy (institution)
Generative AI at Melbourne Polytechnic,https://libguides.melbournepolytechnic.edu.au/generativeai,Melbourne Politechnic ,https://melbournepolytechnic.spydus.com/,6/1/24,FALSE,policy (institution)
The AI governance policy engineering managers needed yesterday,https://leaddev.com/process/ai-governance-policy-engineering-managers-needed-yesterday,LeadDev,https://leaddev.com/,2/1/24,FALSE,policy (institution)
Whitepaper On The Security Implications of Generative-AI,https://www.eraneos.com/wp-content/uploads/2024/02/Whitepaper_ERANEOS_GenAI_Security_Implications_ENG_DIGITAL.pdf,ERANEOS,https://www.eraneos.com/,2/1/24,FALSE,policy (public)
Harnessing the Power of AI,https://www.chase-india.com/media/kakhaqja/harnessing-the-power-of-ai.pdf,Chase India,https://www.chase-india.com/,1/1/24,FALSE,policy (public)
Insurance Law and AI,https://www.cambridge.org/core/books/abs/cambridge-handbook-of-private-law-and-artificial-intelligence/insurance-law-and-ai/30B294190728555EA739349633384F9D,Cambridge University Press,https://www.cambridge.org/universitypress,3/1/24,FALSE,policy (public)
The benefits and risks for insurers of using generative AI,https://anziif.com/professional-development/articles/2024/01/the-benefits-and-risks-for-insurers-of-using-generative-ai-2023-icnz-winning-essay,The Australian and New Zealand Institute of Insurance and Finance,https://anziif.com/,1/1/24,FALSE,policy (public)
"Request for Comments on Draft Documents Responsive to NIST’s Assignments Under Executive Order 14110 (Sections 4.1, 4.5, and 11)",https://epic.org/wp-content/uploads/2024/06/EPIC-Comment-NIST-GenAI-Draft-Documents-06.02.24_Appendices.pdf,Electronic Privacy Information Center,https://epic.org/,6/1/24,FALSE,policy (public)
Visual Literacy: AI-generated images,https://libguides.melbournepolytechnic.edu.au/visualliteracy/aigeneratedimages,Melbourne Politechnic ,https://melbournepolytechnic.spydus.com/,3/1/24,FALSE,policy (public)
State of The Industry 2023,https://www.unstereotypealliance.org/sites/default/files/2024-02/STATE%20OF%20THE%20INDUSTRY%202023.pdf,Unstereotype Alliance Secretariat at UN Women ,https://www.unstereotypealliance.org/,2/1/24,FALSE,policy (public)
"AI brings soaring emissions for Google and Microsoft, a major contributor to climate change",https://www.npr.org/2024/07/12/g-s1-9545/ai-brings-soaring-emissions-for-google-and-microsoft-a-major-contributor-to-climate-change,National Public Radio,https://www.npr.org/,6/1/24,FALSE,policy (public)